Назва,Ціна,Пробіг,Посилання
Audi Q7  2018,36 000   $    •   1 613 160   грн,83 тис. км,https://auto.ria.com/uk/auto_audi_q7_38876558.html
BMW X5  2025,145 000   $    •   6 514 850   грн,9 тис. км,https://auto.ria.com/uk/auto_bmw_x5_40278307.html
Audi Q7  2016,25 500   $    •   1 142 655   грн,161 тис. км,https://auto.ria.com/uk/auto_audi_q7_40419902.html
BMW X5  2014,29 900   $    •   1 343 407   грн,168 тис. км,https://auto.ria.com/uk/auto_bmw_x5_40500367.html
Peugeot Rifter  2020,17 100   $    •   767 619   грн,57 тис. км,https://auto.ria.com/uk/auto_peugeot_rifter_40359418.html
Audi Q5  2024,52 500   $    •   2 359 875   грн,18 тис. км,https://auto.ria.com/uk/auto_audi_q5_40385121.html
Audi Q5  2018,25 600   $    •   1 148 928   грн,94 тис. км,https://auto.ria.com/uk/auto_audi_q5_40503999.html
Audi Q5  2019,25 500   $    •   1 143 165   грн,97 тис. км,https://auto.ria.com/uk/auto_audi_q5_40475134.html
Audi Q5  2020,28 900   $    •   1 295 587   грн,60 тис. км,https://auto.ria.com/uk/auto_audi_q5_40325601.html
Mercedes-Benz GLE-Class  2023,115 500   $    •   5 188 260   грн,28 тис. км,https://auto.ria.com/uk/auto_mercedes_benz_gle_class_38792797.html
Land Rover Range Rover  2013,25 900   $    •   1 164 205   грн,178 тис. км,https://auto.ria.com/uk/auto_land_rover_range_rover_40499167.html
Mercedes-Benz Sprinter  2020,33 000   $    •   1 482 030   грн,256 тис. км,https://auto.ria.com/uk/auto_mercedes_benz_sprinter_40363913.html
BMW X3  2019,21 900   $    •   984 843   грн,144 тис. км,https://auto.ria.com/uk/auto_bmw_x3_40230768.html
BMW X3  2023,47 500   $    •   2 134 650   грн,26 тис. км,https://auto.ria.com/uk/auto_bmw_x3_40110801.html
Mercedes-Benz Sprinter  2022,23 900   $    •   1 073 110   грн  з ПДВ,241 тис. км,https://auto.ria.com/uk/auto_mercedes_benz_sprinter_39956984.html
BMW 5 Series  2018,22 000   $    •   987 800   грн,170 тис. км,https://auto.ria.com/uk/auto_bmw_5_series_38491131.html
BMW 5 Series  2012,15 500   $    •   695 640   грн,84 тис. км,https://auto.ria.com/uk/auto_bmw_5_series_40013784.html
Volkswagen Tiguan  2018,17 500   $    •   786 625   грн,137 тис. км,https://auto.ria.com/uk/auto_volkswagen_tiguan_40501979.html
Volkswagen Tiguan  2018,21 400   $    •   960 432   грн,240 тис. км,https://auto.ria.com/uk/auto_volkswagen_tiguan_40505675.html
BMW 3 Series  2008,8 000   $    •   359 600   грн,154 тис. км,https://auto.ria.com/uk/auto_bmw_3_series_40278599.html
BMW 3 Series  2014,12 000   $    •   538 560   грн,207 тис. км,https://auto.ria.com/uk/auto_bmw_3_series_40473803.html
Volkswagen Tiguan  2020,22 999   $    •   1 034 265   грн,80 тис. км,https://auto.ria.com/uk/auto_volkswagen_tiguan_40431744.html
BMW 3 Series  2025,59 700   $    •   2 682 321   грн,36 тис. км,https://auto.ria.com/uk/auto_bmw_3_series_40456093.html
BMW 3 Series  2016,13 800   $    •   620 172   грн,157 тис. км,https://auto.ria.com/uk/auto_bmw_3_series_39708525.html
Mercedes-Benz S-Class  2013,19 500   $    •   875 160   грн,187 тис. км,https://auto.ria.com/uk/auto_mercedes_benz_s_class_40506639.html
Land Rover Range Rover  2023,159 000   $    •   7 142 280   грн,98 тис. км,https://auto.ria.com/uk/auto_land_rover_range_rover_40026857.html
Audi Q7  2016,18 990   $    •   853 410   грн,213 тис. км,https://auto.ria.com/uk/auto_audi_q7_40430201.html
Tesla Model Y  2022,25 499   $    •   1 145 670   грн,91 тис. км,https://auto.ria.com/uk/auto_tesla_model_y_40297488.html
Volkswagen Touareg  2018,37 000   $    •   1 661 300   грн,125 тис. км,https://auto.ria.com/uk/auto_volkswagen_touareg_40413939.html
Renault Master  2021,20 900   $    •   938 410   грн  з ПДВ,77 тис. км,https://auto.ria.com/uk/auto_renault_master_40265044.html
Volkswagen Touareg  2018,45 900   $    •   2 063 205   грн,129 тис. км,https://auto.ria.com/uk/auto_volkswagen_touareg_40503283.html
Mercedes-Benz S-Class  2014,38 500   $    •   1 730 575   грн,170 тис. км,https://auto.ria.com/uk/auto_mercedes_benz_s_class_40423823.html
Volkswagen Passat  2011,8 200   $    •   368 754   грн,243 тис. км,https://auto.ria.com/uk/auto_volkswagen_passat_39939220.html
Volkswagen Passat  2016,10 900   $    •   489 846   грн,223 тис. км,https://auto.ria.com/uk/auto_volkswagen_passat_40384706.html
Volkswagen Touareg  2022,55 000   $    •   2 470 050   грн,102 тис. км,https://auto.ria.com/uk/auto_volkswagen_touareg_40237824.html
Volkswagen Passat  2017,14 999   $    •   673 755   грн,305 тис. км,https://auto.ria.com/uk/auto_volkswagen_passat_40213153.html
Renault Master  2018,14 900   $    •   669 457   грн,298 тис. км,https://auto.ria.com/uk/auto_renault_master_39953227.html
Lexus RX  2017,29 999   $    •   1 349 055   грн,127 тис. км,https://auto.ria.com/uk/auto_lexus_rx_40416009.html
Lexus RX  2014,19 500   $    •   875 550   грн,266 тис. км,https://auto.ria.com/uk/auto_lexus_rx_40489620.html
Volkswagen Passat  2011,9 000   $    •   403 920   грн,344 тис. км,https://auto.ria.com/uk/auto_volkswagen_passat_40485718.html
Mercedes-Benz E-Class  2019,39 800   $    •   1 783 438   грн,83 тис. км,https://auto.ria.com/uk/auto_mercedes_benz_e_class_40502717.html
Hyundai Santa FE  2023,27 850   $    •   1 251 579   грн,20 тис. км,https://auto.ria.com/uk/auto_hyundai_santa_fe_39012073.html
Volkswagen Touareg  2021,55 500   $    •   2 491 395   грн,117 тис. км,https://auto.ria.com/uk/auto_volkswagen_touareg_40132544.html
Land Rover Range Rover  2016,29 900   $    •   1 343 706   грн,218 тис. км,https://auto.ria.com/uk/auto_land_rover_range_rover_40364807.html
Toyota Land Cruiser  2017,46 500   $    •   2 091 105   грн,220 тис. км,https://auto.ria.com/uk/auto_toyota_land_cruiser_40220533.html
Tesla Model 3  2024,27 499   $    •   1 235 530   грн,28 тис. км,https://auto.ria.com/uk/auto_tesla_model_3_40321782.html
Audi Q7  2018,36 000   $    •   1 616 759   грн,96 тис. км,https://auto.ria.com/uk/auto_audi_q7_40261719.html
Land Rover Range Rover  2013,27 000   $    •   1 214 460   грн,200 тис. км,https://auto.ria.com/uk/auto_land_rover_range_rover_40494178.html
Renault Master  2021,25 999   $    •   1 169 175   грн,217 тис. км,https://auto.ria.com/uk/auto_renault_master_40431888.html
Daewoo Lanos  2008,2 600   $    •   116 506   грн,220 тис. км,https://auto.ria.com/uk/auto_daewoo_lanos_40117532.html
Volkswagen e-Golf  2016,9 000   $    •   404 280   грн,87 тис. км,https://auto.ria.com/uk/auto_volkswagen_e_golf_40493586.html
Hyundai i30  2009,6 500   $    •   291 720   грн,202 тис. км,https://auto.ria.com/uk/auto_hyundai_i30_40049193.html
Tesla Model Y  2021,24 499   $    •   1 100 740   грн,61 тис. км,https://auto.ria.com/uk/auto_tesla_model_y_40437889.html
Renault Master  2022,21 500   $    •   966 855   грн,247 тис. км,https://auto.ria.com/uk/auto_renault_master_40421650.html
Audi A6  2016,21 700   $    •   974 764   грн,158 тис. км,https://auto.ria.com/uk/auto_audi_a6_40197656.html
Audi A6  2013,18 000   $    •   809 100   грн,186 тис. км,https://auto.ria.com/uk/auto_audi_a6_32306682.html
Tesla Model 3  2019,18 500   $    •   831 205   грн,90 тис. км,https://auto.ria.com/uk/auto_tesla_model_3_40438120.html
BMW 7 Series  2023,113 000   $    •   5 077 090   грн,41 тис. км,https://auto.ria.com/uk/auto_bmw_7_series_40491781.html
Audi A6  2021,37 000   $    •   1 662 780   грн,148 тис. км,https://auto.ria.com/uk/auto_audi_a6_40181885.html
BMW 7 Series  2015,27 750   $    •   1 245 142   грн,215 тис. км,https://auto.ria.com/uk/auto_bmw_7_series_40509617.html
Skoda Octavia  2021,19 300   $    •   865 991   грн,212 тис. км,https://auto.ria.com/uk/auto_skoda_octavia_40370859.html
Volkswagen Tiguan  2017,13 400   $    •   601 258   грн,128 тис. км,https://auto.ria.com/uk/auto_volkswagen_tiguan_39698090.html
Volkswagen Tiguan  2014,12 800   $    •   574 336   грн,181 тис. км,https://auto.ria.com/uk/auto_volkswagen_tiguan_39934122.html
BMW 5 Series  2019,34 800   $    •   1 563 564   грн,68 тис. км,https://auto.ria.com/uk/auto_bmw_5_series_39762810.html
Tesla Model 3  2024,36 500   $    •   1 639 945   грн,12 тис. км,https://auto.ria.com/uk/auto_tesla_model_3_40405065.html
Peugeot 2008 1.2 PureTech 6AT (130 к.с.) 2025,25 856 $ • 1 155 500 грн,без пробігу,https://auto.ria.com/uk/newauto/auto-peugeot-2008-2008165.html
BMW X3  2019,23 300   $    •   1 046 869   грн,202 тис. км,https://auto.ria.com/uk/auto_bmw_x3_40510542.html
Skoda Octavia  2007,5 200   $    •   233 740   грн,234 тис. км,https://auto.ria.com/uk/auto_skoda_octavia_40506840.html
Audi A6  1997,1 600   $    •   71 808   грн,300 тис. км,https://auto.ria.com/uk/auto_audi_a6_40505109.html
Renault Megane  2009,5 600   $    •   251 552   грн,156 тис. км,https://auto.ria.com/uk/auto_renault_megane_40454657.html
Tesla Model 3  2022,21 000   $    •   941 640   грн,59 тис. км,https://auto.ria.com/uk/auto_tesla_model_3_40294182.html
Audi Q5  2018,24 999   $    •   1 121 955   грн,141 тис. км,https://auto.ria.com/uk/auto_audi_q5_40425630.html
Mercedes-Benz G-Class  2025,285 000   $    •   12 810 750   грн,15 тис. км,https://auto.ria.com/uk/auto_mercedes_benz_g_class_40418093.html
BMW 7 Series  2018,40 000   $    •   1 795 600   грн,160 тис. км,https://auto.ria.com/uk/auto_bmw_7_series_40004084.html
BMW 5 Series  2021,39 900   $    •   1 790 712   грн  з ПДВ,185 тис. км,https://auto.ria.com/uk/auto_bmw_5_series_40356216.html
Lexus RX  2020,45 499   $    •   2 044 270   грн,78 тис. км,https://auto.ria.com/uk/auto_lexus_rx_38295450.html
Audi A6  2008,8 600   $    •   386 312   грн,379 тис. км,https://auto.ria.com/uk/auto_audi_a6_40487490.html
Audi A4  2019,23 999   $    •   1 076 835   грн,69 тис. км,https://auto.ria.com/uk/auto_audi_a4_40029648.html
Skoda Octavia  2017,13 199   $    •   592 371   грн,216 тис. км,https://auto.ria.com/uk/auto_skoda_octavia_40394774.html
BMW 7 Series  2018,30 000   $    •   1 347 300   грн,160 тис. км,https://auto.ria.com/uk/auto_bmw_7_series_40350039.html
Audi Q5  2019,26 999   $    •   1 213 335   грн,102 тис. км,https://auto.ria.com/uk/auto_audi_q5_40480764.html
Audi Q5  2019,26 700   $    •   1 199 898   грн,97 тис. км,https://auto.ria.com/uk/auto_audi_q5_40391310.html
Tesla Model 3  2022,22 200   $    •   994 782   грн,122 тис. км,https://auto.ria.com/uk/auto_tesla_model_3_40440388.html
Tesla Model S  2024,46 999   $    •   2 111 665   грн,18 тис. км,https://auto.ria.com/uk/auto_tesla_model_s_40412399.html
Tesla Model X  2023,41 400   $    •   1 860 102   грн,41 тис. км,https://auto.ria.com/uk/auto_tesla_model_x_40404953.html
Tesla Model 3  2025,31 999   $    •   1 437 715   грн,15 тис. км,https://auto.ria.com/uk/auto_tesla_model_3_40389831.html
Porsche Cayenne  2020,40 799   $    •   1 832 691   грн,59 тис. км,https://auto.ria.com/uk/auto_porsche_cayenne_40139593.html
Tesla Model Y  2023,24 600   $    •   1 104 540   грн,57 тис. км,https://auto.ria.com/uk/auto_tesla_model_y_40510011.html
Skoda Octavia  2022,29 999   $    •   1 347 855   грн  з ПДВ,168 тис. км,https://auto.ria.com/uk/auto_skoda_octavia_40327780.html
Audi A6  2009,8 600   $    •   385 968   грн,450 тис. км,https://auto.ria.com/uk/auto_audi_a6_40503244.html
Audi A4  2013,10 200   $    •   457 674   грн,223 тис. км,https://auto.ria.com/uk/auto_audi_a4_40351934.html
Tesla Model 3  2021,22 000   $    •   985 820   грн,80 тис. км,https://auto.ria.com/uk/auto_tesla_model_3_40255282.html
Mercedes-Benz Sprinter  2020,34 900   $    •   1 566 312   грн,198 тис. км,https://auto.ria.com/uk/auto_mercedes_benz_sprinter_40506680.html
Mercedes-Benz GLS-Class  2021,61 000   $    •   2 738 290   грн,137 тис. км,https://auto.ria.com/uk/auto_mercedes_benz_gls_class_40372830.html
Audi A4  2011,8 500   $    •   381 990   грн,298 тис. км,https://auto.ria.com/uk/auto_audi_a4_40505883.html
Porsche Cayenne  2024,153 851   $    •   6 907 950   грн,17 тис. км,https://auto.ria.com/uk/auto_porsche_cayenne_40478304.html
BMW 5 Series  2018,23 900   $    •   1 070 959   грн,167 тис. км,https://auto.ria.com/uk/auto_bmw_5_series_40062579.html
Tesla Model Y  2021,21 500   $    •   964 920   грн,140 тис. км,https://auto.ria.com/uk/auto_tesla_model_y_40442977.html
Nissan Rogue  2018,12 300   $    •   552 639   грн,140 тис. км,https://auto.ria.com/uk/auto_nissan_rogue_40510817.html
Audi A6  2018,17 500   $    •   785 225   грн,148 тис. км,https://auto.ria.com/uk/auto_audi_a6_40193772.html
